"technischerfeldname","sprechenderfeldname","feldbeschreibung"
"intnr2015Sort","Intervienummer","Laufende Ziffer zur Nummerierung aller Interviews [Code. Typ: Integer]."
"stadtkreiseLang","Stadtkreise 11 Kategorien Lang","Stadtkreise. Die Variable umfasst alle 12 Stadtkreise der Stadt Zürich. Allerdings sind die Kreise 1 und 2 in einem Variablenwert zusammengefasst, weshalb nur 11 Variablenwerte statt 12 vorhanden sind."
"stadtkreiseSort","Stadtkreise 11 Kategorien","Code der besagten Stadtkreise [Code. Typ: Integer]."
"f10000Lang","F10000 Geschlecht Lang","Geschlecht   [Beschreibung, String]."
"f10000Sort","F10000 Geschlecht","Geschlecht [Code. Typ: Integer]."
"f20000Lang","F20000 Wohnortsbeliebtheit der Stadt Zürich Lang","Wohnortsbeliebtheit der Stadt Zürich  [Beschreibung, String]."
"f20000Sort","F20000 Wohnortsbeliebtheit der Stadt Zürich","Wohnortsbeliebtheit der Stadt Zürich  [Code. Typ: Integer]."
"f20010Lang","F20010 Beurteilung der Lebensqualität in der Stadt Zürich Lang","Beurteilung der Lebensqualität in der Stadt Zürich  [Beschreibung, String]."
"f20010Sort","F20010 Beurteilung der Lebensqualität in der Stadt Zürich","Beurteilung der Lebensqualität in der Stadt Zürich [Code. Typ: Integer]."
"f21000_rec2aLang","F21000 Grösste Probleme 1. Nennung Lang","Grösste Probleme 1. Nennung  [Beschreibung, String]. "
"f21000_rec2aSort","F21000 Grösste Probleme 1. Nennung","Grösste Probleme 1. Nennung [Code. Typ: Integer]."
"f21000_rec2bLang","F21000 Grösste Probleme 2. Nennung Lang","Grösste Probleme 2. Nennung  [Beschreibung, String]. "
"f21000_rec2bSort","F21000 Grösste Probleme 2. Nennung","Grösste  Probleme 2. Nennung [Code. Typ: Integer]."
"f21000_rec2cLang","F21000 Grösste Probleme 3. Nennung Lang","Grösste Probleme 3. Nennung  [Beschreibung, String]. "
"f21000_rec2cSort","F21000 Grösste Probleme 3. Nennung","Grösste Probleme 3. Nennung [Code. Typ: Integer]. "
"f23001Lang","F23001 Zufriedenheit mit den Kinderbetreuungsangeboten (Fragebatterie) Lang","Zufriedenheit mit den Kinderbetreuungsangeboten (Fragebatterie)  [Beschreibung, String]."
"f23001Sort","F23001 Zufriedenheit mit den Kinderbetreuungsangeboten (Fragebatterie)","Zufriedenheit mit den Kinderbetreuungsangeboten (Fragebatterie) [Code. Typ: Integer]."
"f23002Lang","F23002 Zufriedenheit mit dem Angebot an Treffpunkten und Freizeiteinrichtungen (Fragebatterie) Lang","Zufriedenheit mit dem Angebot an Treffpunkten und Freizeiteinrichtungen (Fragebatterie)  [Beschreibung, String]."
"f23002Sort","F23002 Zufriedenheit mit dem Angebot an Treffpunkten und Freizeiteinrichtungen (Fragebatterie)","Zufriedenheit mit dem Angebot an Treffpunkten und Freizeiteinrichtungen (Fragebatterie) [Code. Typ: Integer]."
"f23003Lang","F23003 Zufriedenheit mit dem Angebot an Grünanlagen oder Pärken (Fragebatterie) Lang","Zufriedenheit mit dem Angebot an Grünanlagen oder Pärken (Fragebatterie)  [Beschreibung, String]."
"f23003Sort","F23003 Zufriedenheit mit dem Angebot an Grünanlagen oder Pärken (Fragebatterie)","Zufriedenheit mit dem Angebot an Grünanlagen oder Pärken (Fragebatterie) [Code. Typ: Integer]."
"f23004Lang","F23004 Zufriedenheit mit dem Angebot an Sportanlagen oder Schwimmbädern (Fragebatterie) Lang","Zufriedenheit mit dem Angebot an Sportanlagen oder Schwimmbädern (Fragebatterie)  [Beschreibung, String]."
"f23004Sort","F23004 Zufriedenheit mit dem Angebot an Sportanlagen oder Schwimmbädern (Fragebatterie)","Zufriedenheit mit dem Angebot an Sportanlagen oder Schwimmbädern (Fragebatterie) [Code. Typ: Integer]."
"f23005Lang","F23005 Zufriedenheit mit den Kulturangeboten in der Stadt Zürich (Fragebatterie) Lang","Zufriedenheit mit den Kulturangeboten in der Stadt Zürich (Fragebatterie)  [Beschreibung, String]."
"f23005Sort","F23005 Zufriedenheit mit den Kulturangeboten in der Stadt Zürich (Fragebatterie)","Zufriedenheit mit den Kulturangeboten in der Stadt Zürich (Fragebatterie) [Code. Typ: Integer]."
"f23006Lang","F23006 Zufriedenheit mit den Möglichkeiten zum Ausgehen (Fragebatterie) Lang","Zufriedenheit mit den Möglichkeiten zum Ausgehen (Fragebatterie)  [Beschreibung, String]."
"f23006Sort","F23006 Zufriedenheit mit den Möglichkeiten zum Ausgehen (Fragebatterie)","Zufriedenheit mit den Möglichkeiten zum Ausgehen (Fragebatterie) [Code. Typ: Integer]."
"f23007Lang","F23007 Zufriedenheit mit dem Wohnungsangebot (Fragebatterie) Lang","Zufriedenheit mit dem Wohnungsangebot (Fragebatterie)  [Beschreibung, String]."
"f23007Sort","F23007 Zufriedenheit mit dem Wohnungsangebot (Fragebatterie)","Zufriedenheit mit dem Wohnungsangebot (Fragebatterie) [Code. Typ: Integer]."
"f23008Lang","F23008 Zufriedenheit mit den öffentlichen Verkehrsmitteln der Stadt Zürich (Fragebatterie) Lang","Zufriedenheit mit den öffentlichen Verkehrsmitteln der Stadt Zürich (Fragebatterie)  [Beschreibung, String]."
"f23008Sort","F23008 Zufriedenheit mit den öffentlichen Verkehrsmitteln der Stadt Zürich (Fragebatterie)","Zufriedenheit mit den öffentlichen Verkehrsmitteln der Stadt Zürich (Fragebatterie) [Code. Typ: Integer]."
"f23009Lang","F23009 Zufriedenheit mit dem Parkplatzangebot in der Innenstadt (Fragebatterie) Lang","Zufriedenheit mit dem Parkplatzangebot in der Innenstadt (Fragebatterie)  [Beschreibung, String]."
"f23009Sort","F23009 Zufriedenheit mit dem Parkplatzangebot in der Innenstadt (Fragebatterie)","Zufriedenheit mit dem Parkplatzangebot in der Innenstadt (Fragebatterie) [Code. Typ: Integer]."
"f23010Lang","F23010 Zufriedenheit mit den Bildungs- und Weiterbildungsangeboten (Fragebatterie) Lang","Zufriedenheit mit den Bildungs- und Weiterbildungsangeboten (Fragebatterie)  [Beschreibung, String]."
"f23010Sort","F23010 Zufriedenheit mit den Bildungs- und Weiterbildungsangeboten (Fragebatterie)","Zufriedenheit mit den Bildungs- und Weiterbildungsangeboten (Fragebatterie) [Code. Typ: Integer]."
"f23011Lang","F23011 Zufriedenheit mit der Sauberkeit auf Strassen und Plätzen (Fragebatterie) Lang","Zufriedenheit mit der Sauberkeit auf Strassen und Plätzen (Fragebatterie)  [Beschreibung, String]."
"f23011Sort","F23011 Zufriedenheit mit der Sauberkeit auf Strassen und Plätzen (Fragebatterie)","Zufriedenheit mit der Sauberkeit auf Strassen und Plätzen (Fragebatterie) [Code. Typ: Integer]."
"f23013Lang","F23013 Zufriedenheit mit der Verkehrssicherheit (Fragebatterie) Lang","Zufriedenheit mit der Verkehrssicherheit (Fragebatterie)  [Beschreibung, String]."
"f23013Sort","F23013 Zufriedenheit mit der Verkehrssicherheit (Fragebatterie)","Zufriedenheit mit der Verkehrssicherheit (Fragebatterie) [Code. Typ: Integer]."
"f23017Lang","F23017 Zufriedenheit mit den Schulen und Kindergärten (Fragebatterie) Lang","Zufriedenheit mit den Schulen und Kindergärten (Fragebatterie)  [Beschreibung, String]."
"f23017Sort","F23017 Zufriedenheit mit den Schulen und Kindergärten (Fragebatterie)","Zufriedenheit mit den Schulen und Kindergärten (Fragebatterie) [Code. Typ: Integer]."
"f23019Lang","F23019 Zufriedenheit mit den Tempo 30 Zonen (Fragebatterie) Lang","Zufriedenheit mit den Tempo 30 Zonen (Fragebatterie)  [Beschreibung, String]."
"f23019Sort","F23019 Zufriedenheit mit den Tempo 30 Zonen (Fragebatterie)","Zufriedenheit mit den Tempo 30 Zonen (Fragebatterie) [Code. Typ: Integer]."
"f24001Lang","F24001 Beurteilung der verkehrsberuhigenden Massnahmen (Fragebatterie) Lang","Beurteilung der verkehrsberuhigenden Massnahmen (Fragebatterie)  [Beschreibung, String]."
"f24001Sort","F24001 Beurteilung der verkehrsberuhigenden Massnahmen (Fragebatterie)","Beurteilung der verkehrsberuhigenden Massnahmen (Fragebatterie) [Code. Typ: Integer]."
"f24002Lang","F24002 Beurteilung der Massnahmen für die öffentliche Sicherheit (Fragebatterie) Lang","Beurteilung der Massnahmen für die öffentliche Sicherheit (Fragebatterie)  [Beschreibung, String]."
"f24002Sort","F24002 Beurteilung der Massnahmen für die öffentliche Sicherheit (Fragebatterie)","Beurteilung der Massnahmen für die öffentliche Sicherheit (Fragebatterie) [Code. Typ: Integer]."
"f24003Lang","F24003 Beurteilung der Massnahmen zur Schaffung von Arbeitsplätzen (Fragebatterie) Lang","Beurteilung der Massnahmen zur Schaffung von Arbeitsplätzen (Fragebatterie)  [Beschreibung, String]."
"f24003Sort","F24003 Beurteilung der Massnahmen zur Schaffung von Arbeitsplätzen (Fragebatterie)","Beurteilung der Massnahmen zur Schaffung von Arbeitsplätzen (Fragebatterie) [Code. Typ: Integer]."
"f24004Lang","F24004 Beurteilung der Massnahmen zur Förderung der Wirtschaft (Fragebatterie) Lang","Beurteilung der Massnahmen zur Förderung der Wirtschaft (Fragebatterie)  [Beschreibung, String]."
"f24004Sort","F24004 Beurteilung der Massnahmen zur Förderung der Wirtschaft (Fragebatterie)","Beurteilung der Massnahmen zur Förderung der Wirtschaft (Fragebatterie) [Code. Typ: Integer]."
"f24005Lang","F24005 Beurteilung der Massnahmen gegen Drogenmissbrauch (Fragebatterie) Lang","Beurteilung der Massnahmen gegen Drogenmissbrauch (Fragebatterie)  [Beschreibung, String]."
"f24005Sort","F24005 Beurteilung der Massnahmen gegen Drogenmissbrauch (Fragebatterie)","Beurteilung der Massnahmen gegen Drogenmissbrauch (Fragebatterie) [Code. Typ: Integer]."
"f24006Lang","F24006 Beurteilung der Massnahmen zur Integration der ausländischen Wohnbevölkerung (Fragebatterie) Lang","Beurteilung der Massnahmen zur Integration der ausländischen Wohnbevölkerung (Fragebatterie)  [Beschreibung, String]."
"f24006Sort","F24006 Beurteilung der Massnahmen zur Integration der ausländischen Wohnbevölkerung (Fragebatterie)","Beurteilung der Massnahmen zur Integration der ausländischen Wohnbevölkerung (Fragebatterie) [Code. Typ: Integer]."
"f24007Lang","F24007 Beurteilung der Massnahmen zur Verbesserung der Umweltsituation (Lärm, Luft) (Fragebatterie) Lang","Beurteilung der Massnahmen zur Verbesserung der Umweltsituation (Lärm, Luft) (Fragebatterie)  [Beschreibung, String]."
"f24007Sort","F24007 Beurteilung der Massnahmen zur Verbesserung der Umweltsituation (Lärm, Luft) (Fragebatterie)","Beurteilung der Massnahmen zur Verbesserung der Umweltsituation (Lärm, Luft) (Fragebatterie) [Code. Typ: Integer]."
"f24008Lang","F24008 Beurteilung der Massnahmen für den Ausbau des öffentlichen Verkehrs (Fragebatterie) Lang","Beurteilung der Massnahmen für den Ausbau des öffentlichen Verkehrs (Fragebatterie)  [Beschreibung, String]."
"f24008Sort","F24008 Beurteilung der Massnahmen für den Ausbau des öffentlichen Verkehrs (Fragebatterie)","Beurteilung der Massnahmen für den Ausbau des öffentlichen Verkehrs (Fragebatterie) [Code. Typ: Integer]."
"f24009Lang","F24009 Beurteilung der Massnahmen zur Kulturförderung (Fragebatterie) Lang","Beurteilung der Massnahmen zur Kulturförderung (Fragebatterie)  [Beschreibung, String]."
"f24009Sort","F24009 Beurteilung der Massnahmen zur Kulturförderung (Fragebatterie)","Beurteilung der Massnahmen zur Kulturförderung (Fragebatterie) [Code. Typ: Integer]."
"f24010Lang","F24010 Beurteilung der Massnahmen soziokultureller Aktivitäten wie Angebote im Quartier, in Gemeinschaftszentren oder Quartiertreffs (Fragebatterie) Lang","Beurteilung der Massnahmen soziokultureller Aktivitäten wie Angebote im Quartier, in Gemeinschaftszentren oder Quartiertreffs (Fragebatterie)  [Beschreibung, String]."
"f24010Sort","F24010 Beurteilung der Massnahmen soziokultureller Aktivitäten wie Angebote im Quartier, in Gemeinschaftszentren oder Quartiertreffs (Fragebatterie)","Beurteilung der Massnahmen soziokultureller Aktivitäten wie Angebote im Quartier, in Gemeinschaftszentren oder Quartiertreffs (Fragebatterie) [Code. Typ: Integer]."
"f24011Lang","F24011 Beurteilung der Massnahmen für die Gleichstellung von Mann und Frau (Fragebatterie) Lang","Beurteilung der Massnahmen für die Gleichstellung von Mann und Frau (Fragebatterie)  [Beschreibung, String]."
"f24011Sort","F24011 Beurteilung der Massnahmen für die Gleichstellung von Mann und Frau (Fragebatterie)","Beurteilung der Massnahmen für die Gleichstellung von Mann und Frau (Fragebatterie) [Code. Typ: Integer]."
"f24012Lang","F24012 Beurteilung der Massnahmen für die Gestaltung von Stadtbild und öffentlichem Raum (Fragebatterie) Lang","Beurteilung der Massnahmen für die Gestaltung von Stadtbild und öffentlichem Raum (Fragebatterie)  [Beschreibung, String]."
"f24012Sort","F24012 Beurteilung der Massnahmen für die Gestaltung von Stadtbild und öffentlichem Raum (Fragebatterie)","Beurteilung der Massnahmen für die Gestaltung von Stadtbild und öffentlichem Raum (Fragebatterie) [Code. Typ: Integer]."
"f24013Lang","F24013 Beurteilung der Massnahmen im Bereich von sozialen Dienstleistungen (Fragebatterie) Lang","Beurteilung der Massnahmen im Bereich von sozialen Dienstleistungen (Fragebatterie)  [Beschreibung, String]."
"f24013Sort","F24013 Beurteilung der Massnahmen im Bereich von sozialen Dienstleistungen (Fragebatterie)","Beurteilung der Massnahmen im Bereich von sozialen Dienstleistungen (Fragebatterie) [Code. Typ: Integer]."
"f24014Lang","F24014 Beurteilung der Massnahmen zur Förderung des Velofahrens (Fragebatterie) Lang","Beurteilung der Massnahmen zur Förderung des Velofahrens (Fragebatterie)  [Beschreibung, String]."
"f24014Sort","F24014 Beurteilung der Massnahmen zur Förderung des Velofahrens (Fragebatterie)","Beurteilung der Massnahmen zur Förderung des Velofahrens (Fragebatterie) [Code. Typ: Integer]."
"f25000Lang","F25000 Grundsätzliche Meinung zum Ausgabeverhalten der Stadt Lang","Grundsätzliche Meinung zum Ausgabeverhalten der Stadt  [Beschreibung, String]."
"f25000Sort","F25000 Grundsätzliche Meinung zum Ausgabeverhalten der Stadt","Grundsätzliche Meinung zum Ausgabeverhalten der Stadt [Code. Typ: Integer]."
"f25050Lang","F25050 Beurteilung der aktuellen wirtschaftlichen Lage der Stadt Zürich Lang","Beurteilung der aktuellen wirtschaftlichen Lage der Stadt Zürich  [Beschreibung, String]."
"f25050Sort","F25050 Beurteilung der aktuellen wirtschaftlichen Lage der Stadt Zürich","Beurteilung der aktuellen wirtschaftlichen Lage der Stadt Zürich [Code. Typ: Integer]."
"f25060Lang","F25060 Einschätzung der wirtschaftlichen Lage der Stadt Zürich in ein bis zwei Jahren Lang","Einschätzung der wirtschaftlichen Lage der Stadt Zürich in ein bis zwei Jahren  [Beschreibung, String]."
"f25060Sort","F25060 Einschätzung der wirtschaftlichen Lage der Stadt Zürich in ein bis zwei Jahren","Einschätzung der wirtschaftlichen Lage der Stadt Zürich in ein bis zwei Jahren [Code. Typ: Integer]."
"f25070Lang","F25070 Beurteilung der eigenen aktuellen wirtschaftlichen Lage Lang","Beurteilung der eigenen aktuellen wirtschaftlichen Lage  [Beschreibung, String]."
"f25070Sort","F25070 Beurteilung der eigenen aktuellen wirtschaftlichen Lage","Beurteilung der eigenen aktuellen wirtschaftlichen Lage [Code. Typ: Integer]."
"f25080Lang","F25080 Einschätzung der eigenen wirtschaftlichen Lage in ein bis zwei Jahren Lang","Einschätzung der eigenen wirtschaftlichen Lage in ein bis zwei Jahren  [Beschreibung, String]."
"f25080Sort","F25080 Einschätzung der eigenen wirtschaftlichen Lage in ein bis zwei Jahren","Einschätzung der eigenen wirtschaftlichen Lage in ein bis zwei Jahren [Code. Typ: Integer]."
"f25100Lang","F25100 Interesse für die lokale Politik in der Stadt Zürich Lang","Interesse für die lokale Politik in der Stadt Zürich  [Beschreibung, String]."
"f25100Sort","F25100 Interesse für die lokale Politik in der Stadt Zürich","Interesse für die lokale Politik in der Stadt Zürich [Code. Typ: Integer]."
"f25200Lang","F25200 Beurteilung der Vertretung durch die Behörden, d.h. durch Gemeinde- und Stadtrat Lang","Beurteilung der Vertretung durch die Behörden, d.h. durch Gemeinde- und Stadtrat  [Beschreibung, String]."
"f25200Sort","F25200 Beurteilung der Vertretung durch die Behörden, d.h. durch Gemeinde- und Stadtrat","Beurteilung der Vertretung durch die Behörden, d.h. durch Gemeinde- und Stadtrat [Code. Typ: Integer]."
"f25300a_recLang","F25300 Grund, weshalb nicht gut vertreten 1. Nennung Lang","Grund, weshalb nicht gut vertreten 1. Nennung  [Beschreibung, String]. "
"f25300a_recSort","F25300 Grund, weshalb nicht gut vertreten 1. Nennung","Grund, weshalb nicht gut vertreten 1. Nennung [Code. Typ: Integer]. "
"f25300b_recLang","F25300 Grund, weshalb nicht gut vertreten 2. Nennung Lang","Grund, weshalb nicht gut vertreten 2. Nennung  [Beschreibung, String]."
"f25300b_recSort","F25300 Grund, weshalb nicht gut vertreten 2. Nennung","Grund, weshalb nicht gut vertreten 2. Nennung [Code. Typ: Integer]. "
"f25300c_recLang","F25300 Grund, weshalb nicht gut vertreten 3. Nennung Lang","Grund, weshalb nicht gut vertreten 3. Nennung  [Beschreibung, String]. "
"f25300c_recSort","F25300 Grund, weshalb nicht gut vertreten 3. Nennung","Grund, weshalb nicht gut vertreten 3. Nennung [Code. Typ: Integer]. "
"f25300d_recLang","F25300 Grund, weshalb nicht gut vertreten 4. Nennung Lang","Grund, weshalb nicht gut vertreten 4. Nennung  [Beschreibung, String]. "
"f25300d_recSort","F25300 Grund, weshalb nicht gut vertreten 4. Nennung","Grund, weshalb nicht gut vertreten 4. Nennung [Code. Typ: Integer]. "
"f26010Lang","F26010 Zufriedenheit mit den Leistungen des Tiefbauamts (Fragebatterie) Lang","Zufriedenheit mit den Leistungen des Tiefbauamts (Fragebatterie)  [Beschreibung, String]."
"f26010Sort","F26010 Zufriedenheit mit den Leistungen des Tiefbauamts (Fragebatterie)","Zufriedenheit mit den Leistungen des Tiefbauamts (Fragebatterie) [Code. Typ: Integer]."
"f26020Lang","F26020 Zufriedenheit mit den Leistungen der Verkehrsbetriebe der Stadt Zürich (VBZ) (Fragebatterie) Lang","Zufriedenheit mit den Leistungen der Verkehrsbetriebe der Stadt Zürich (VBZ) (Fragebatterie)  [Beschreibung, String]."
"f26020Sort","F26020 Zufriedenheit mit den Leistungen der Verkehrsbetriebe der Stadt Zürich (VBZ) (Fragebatterie)","Zufriedenheit mit den Leistungen der Verkehrsbetriebe der Stadt Zürich (VBZ) (Fragebatterie) [Code. Typ: Integer]."
"f26030Lang","F26030 Zufriedenheit mit den Leistungen von ERZ - Entsorgung und Recycling Zürich (Fragebatterie) Lang","Zufriedenheit mit den Leistungen von ERZ - Entsorgung und Recycling Zürich (Fragebatterie)  [Beschreibung, String]."
"f26030Sort","F26030 Zufriedenheit mit den Leistungen von ERZ - Entsorgung und Recycling Zürich (Fragebatterie)","Zufriedenheit mit den Leistungen von ERZ - Entsorgung und Recycling Zürich (Fragebatterie) [Code. Typ: Integer]."
"f26050Lang","F26050 Zufriedenheit mit den Leistungen von Grün Stadt Zürich (Fragebatterie) Lang","Zufriedenheit mit den Leistungen von Grün Stadt Zürich (Fragebatterie)  [Beschreibung, String]."
"f26050Sort","F26050 Zufriedenheit mit den Leistungen von Grün Stadt Zürich (Fragebatterie)","Zufriedenheit mit den Leistungen von Grün Stadt Zürich (Fragebatterie) [Code. Typ: Integer]."
"f26060Lang","F26060 Zufriedenheit mit den Leistungen der Polizei (Fragebatterie) Lang","Zufriedenheit mit den Leistungen der Polizei (Fragebatterie)  [Beschreibung, String]."
"f26060Sort","F26060 Zufriedenheit mit den Leistungen der Polizei (Fragebatterie)","Zufriedenheit mit den Leistungen der Polizei (Fragebatterie) [Code. Typ: Integer]."
"f30210Lang","F30210 Wohnform 3 Kategorien Lang","Wohnform 3 Kategorien  [Beschreibung, String]."
"f30210Sort","F30210 Wohnform 3 Kategorien","Wohnform 3 Kategorien [Code. Typ: Integer]."
"f30700Lang","F30700 Angemessenheit des Mietzinses im Verhältnis zur Wohnungsqualität Lang","Angemessenheit des Mietzinses im Verhältnis zur Wohnungsqualität  [Beschreibung, String]. "
"f30700Sort","F30700 Angemessenheit des Mietzinses im Verhältnis zur Wohnungsqualität","Angemessenheit des Mietzinses im Verhältnis zur Wohnungsqualität [Code. Typ: Integer]. "
"f30800Lang","F30800 Angemessenheit des Mietzinses im Verhältnis zum Haushaltsbudget Lang","Angemessenheit des Mietzinses im Verhältnis zum Haushaltsbudget  [Beschreibung, String]. "
"f30800Sort","F30800 Angemessenheit des Mietzinses im Verhältnis zum Haushaltsbudget","Angemessenheit des Mietzinses im Verhältnis zum Haushaltsbudget [Code. Typ: Integer]. "
"f31000Lang","F31000 Zufriedenheit mit der Wohnung / mit dem Haus Lang","Zufriedenheit mit der Wohnung / mit dem Haus  [Beschreibung, String]."
"f31000Sort","F31000 Zufriedenheit mit der Wohnung / mit dem Haus","Zufriedenheit mit der Wohnung / mit dem Haus [Code. Typ: Integer]."
"f35000Lang","F35000 Zufriedenheit mit der unmittelbaren Wohnumgebung Lang","Zufriedenheit mit der unmittelbaren Wohnumgebung  [Beschreibung, String]."
"f35000Sort","F35000 Zufriedenheit mit der unmittelbaren Wohnumgebung","Zufriedenheit mit der unmittelbaren Wohnumgebung [Code. Typ: Integer]."
"f35100Lang","F35100 Veränderung der unmittelbaren Wohnumgebung in letzter Zeit Lang","Veränderung der unmittelbaren Wohnumgebung in letzter Zeit  [Beschreibung, String]."
"f35100Sort","F35100 Veränderung der unmittelbaren Wohnumgebung in letzter Zeit","Veränderung der unmittelbaren Wohnumgebung in letzter Zeit [Code. Typ: Integer]."
"f36101Lang","F36101 Zufriedenheit mit der Nachbarschaft (Fragebatterie) Lang","Zufriedenheit mit der Nachbarschaft (Fragebatterie)  [Beschreibung, String]."
"f36101Sort","F36101 Zufriedenheit mit der Nachbarschaft (Fragebatterie)","Zufriedenheit mit der Nachbarschaft (Fragebatterie) [Code. Typ: Integer]."
"f36102Lang","F36102 Zufriedenheit mit den Einkaufsmöglichkeiten in der Nähe (Fragebatterie) Lang","Zufriedenheit mit den Einkaufsmöglichkeiten in der Nähe (Fragebatterie)  [Beschreibung, String]."
"f36102Sort","F36102 Zufriedenheit mit den Einkaufsmöglichkeiten in der Nähe (Fragebatterie)","Zufriedenheit mit den Einkaufsmöglichkeiten in der Nähe (Fragebatterie) [Code. Typ: Integer]."
"f36103Lang","F36103 Zufriedenheit mit der Zusammensetzung der Quartierbevölkerung (Fragebatterie) Lang","Zufriedenheit mit der Zusammensetzung der Quartierbevölkerung (Fragebatterie)  [Beschreibung, String]."
"f36103Sort","F36103 Zufriedenheit mit der Zusammensetzung der Quartierbevölkerung (Fragebatterie)","Zufriedenheit mit der Zusammensetzung der Quartierbevölkerung (Fragebatterie) [Code. Typ: Integer]."
"f36104Lang","F36104 Zufriedenheit mit den Möglichkeiten der Freizeitgestaltung im Quartier (Fragebatterie) Lang","Zufriedenheit mit den Möglichkeiten der Freizeitgestaltung im Quartier (Fragebatterie)  [Beschreibung, String]."
"f36104Sort","F36104 Zufriedenheit mit den Möglichkeiten der Freizeitgestaltung im Quartier (Fragebatterie)","Zufriedenheit mit den Möglichkeiten der Freizeitgestaltung im Quartier (Fragebatterie) [Code. Typ: Integer]."
"f36105Lang","F36105 Zufriedenheit mit dem öffentlichen Grünraum im Quartier (Fragebatterie) Lang","Zufriedenheit mit dem öffentlichen Grünraum im Quartier (Fragebatterie)  [Beschreibung, String]."
"f36105Sort","F36105 Zufriedenheit mit dem öffentlichen Grünraum im Quartier (Fragebatterie)","Zufriedenheit mit dem öffentlichen Grünraum im Quartier (Fragebatterie) [Code. Typ: Integer]."
"f36106Lang","F36106 Zufriedenheit mit der Nähe zum öffentlichen Verkehr (Fragebatterie) Lang","Zufriedenheit mit der Nähe zum öffentlichen Verkehr (Fragebatterie)  [Beschreibung, String]."
"f36106Sort","F36106 Zufriedenheit mit der Nähe zum öffentlichen Verkehr (Fragebatterie)","Zufriedenheit mit der Nähe zum öffentlichen Verkehr (Fragebatterie) [Code. Typ: Integer]."
"f36107Lang","F36107 Zufriedenheit mit der Sauberkeit im Quartier (Fragebatterie) Lang","Zufriedenheit mit der Sauberkeit im Quartier (Fragebatterie)  [Beschreibung, String]."
"f36107Sort","F36107 Zufriedenheit mit der Sauberkeit im Quartier (Fragebatterie)","Zufriedenheit mit der Sauberkeit im Quartier (Fragebatterie) [Code. Typ: Integer]."
"f36108Lang","F36108 Zufriedenheit mit der Verkehrssicherheit im Quartier (Fragebatterie) Lang","Zufriedenheit mit der Verkehrssicherheit im Quartier (Fragebatterie)  [Beschreibung, String]."
"f36108Sort","F36108 Zufriedenheit mit der Verkehrssicherheit im Quartier (Fragebatterie)","Zufriedenheit mit der Verkehrssicherheit im Quartier (Fragebatterie) [Code. Typ: Integer]."
"f36109Lang","F36109 Zufriedenheit mit der öffentlichen Sicherheit im Quartier (Fragebatterie) Lang","Zufriedenheit mit der öffentlichen Sicherheit im Quartier (Fragebatterie)  [Beschreibung, String]."
"f36109Sort","F36109 Zufriedenheit mit der öffentlichen Sicherheit im Quartier (Fragebatterie)","Zufriedenheit mit der öffentlichen Sicherheit im Quartier (Fragebatterie) [Code. Typ: Integer]."
"f36110Lang","F36110 Zufriedenheit mit der Ruhe im Quartier (Fragebatterie) Lang","Zufriedenheit mit der Ruhe im Quartier (Fragebatterie)  [Beschreibung, String]."
"f36110Sort","F36110 Zufriedenheit mit der Ruhe im Quartier (Fragebatterie)","Zufriedenheit mit der Ruhe im Quartier (Fragebatterie) [Code. Typ: Integer]."
"f36200Lang","F36200 Umzugsabsicht in den nächsten zwei Jahren Lang","Umzugsabsicht in den nächsten zwei Jahren  [Beschreibung, String]."
"f36200Sort","F36200 Umzugsabsicht in den nächsten zwei Jahren","Umzugsabsicht in den nächsten zwei Jahren [Code. Typ: Integer]."
"f36400a_recLang","F36400 Grund Umzugsabsicht 1. Nennung Lang","Grund Umzugsabsicht 1. Nennung  [Beschreibung, String]. "
"f36400a_recSort","F36400 Grund Umzugsabsicht 1. Nennung","Grund Umzugsabsicht 1. Nennung [Code. Typ: Integer]. FILTERFRAGE:  F36200/CODE1.  "
"f36400b_recLang","F36400 Grund Umzugsabsicht 2. Nennung Lang","Grund Umzugsabsicht 2. Nennung  [Beschreibung, String]. FILTERFRAGE:  F36200/CODE1. "
"f36400b_recSort","F36400 Grund Umzugsabsicht 2. Nennung","Grund Umzugsabsicht 2. Nennung [Code. Typ: Integer]. FILTERFRAGE:  F36200/CODE1."
"f36400c_recLang","F36400 Grund Umzugsabsicht 3. Nennung Lang","Grund Umzugsabsicht 3. Nennung  [Beschreibung, String]. FILTERFRAGE:  F36200/CODE1."
"f36400c_recSort","F36400 Grund Umzugsabsicht 3. Nennung","Grund Umzugsabsicht 3. Nennung [Code. Typ: Integer]. FILTERFRAGE:  F36200/CODE1. "
"f40100Lang","F40100 Sicherheit in der Nacht alleine im Quartier zu Fuss unterwegs Lang","Sicherheit in der Nacht alleine im Quartier zu Fuss unterwegs  [Beschreibung, String]."
"f40100Sort","F40100 Sicherheit in der Nacht alleine im Quartier zu Fuss unterwegs","Sicherheit in der Nacht alleine im Quartier zu Fuss unterwegs [Code. Typ: Integer]."
"f40200Lang","F40200 Bewusste Meidung von Orten, wenn in der Nacht alleine im Quartier zu Fuss unterwegs Lang","Bewusste Meidung von Orten, wenn in der Nacht alleine im Quartier zu Fuss unterwegs  [Beschreibung, String]."
"f40200Sort","F40200 Bewusste Meidung von Orten, wenn in der Nacht alleine im Quartier zu Fuss unterwegs","Bewusste Meidung von Orten, wenn in der Nacht alleine im Quartier zu Fuss unterwegs [Code. Typ: Integer]. "
"f40300Lang","F40300 Andere Orte, die sicherheitshalber gemieden werden Lang","Andere Orte, die sicherheitshalber gemieden werden  [Beschreibung, String]. "
"f40300Sort","F40300 Andere Orte, die sicherheitshalber gemieden werden","Andere Orte, die sicherheitshalber gemieden werden [Code. Typ: Integer]. "
"f40400a_recLang","F40400 Gemiedene Orte 1. Nennung Lang","Gemiedene Orte 1. Nennung  [Beschreibung, String]. "
"f40400a_recSort","F40400 Gemiedene Orte 1. Nennung","Gemiedene Orte 1. Nennung [Code. Typ: Integer]. "
"f40400b_recLang","F40400 Gemiedene Orte 2. Nennung Lang","Gemiedene Orte 2. Nennung  [Beschreibung, String]. "
"f40400b_recSort","F40400 Gemiedene Orte 2. Nennung","Gemiedene Orte 2. Nennung [Code. Typ: Integer]."
"f40400c_recLang","F40400 Gemiedene Orte 3. Nennung Lang","Gemiedene Orte 3. Nennung  [Beschreibung, String]. "
"f40400c_recSort","F40400 Gemiedene Orte 3. Nennung","Gemiedene Orte 3. Nennung [Code. Typ: Integer]. "
"f40400d_recLang","F40400 Gemiedene Orte 4. Nennung Lang","Gemiedene Orte 4. Nennung  [Beschreibung, String]. "
"f40400d_recSort","F40400 Gemiedene Orte 4. Nennung","Gemiedene Orte 4. Nennung [Code. Typ: Integer]. "
"f40400e_recLang","F40400 Gemiedene Orte 5. Nennung Lang","Gemiedene Orte 5. Nennung  [Beschreibung, String]. "
"f40400e_recSort","F40400 Gemiedene Orte 5. Nennung","Gemiedene Orte 5. Nennung [Code. Typ: Integer]. "
"f40400f_recLang","F40400 Gemiedene Orte 6. Nennung Lang","Gemiedene Orte 6. Nennung  [Beschreibung, String]."
"f40400f_recSort","F40400 Gemiedene Orte 6. Nennung","Gemiedene Orte 6. Nennung [Code. Typ: Integer]. "
"f40400g_recLang","F40400 Gemiedene Orte 7. Nennung Lang","Gemiedene Orte 7. Nennung  [Beschreibung, String]. "
"f40400g_recSort","F40400 Gemiedene Orte 7. Nennung","Gemiedene Orte 7. Nennung [Code. Typ: Integer]. "
"f50001Lang","F50001 Bewertung Aussage: Ich finde es gut, dass in der Stadt mehr Wohnraum geschaffen wird. (Fragebatterie) Lang","Bewertung Aussage: Ich finde es gut, dass in der Stadt mehr Wohnraum geschaffen wird. (Fragebatterie)  [Beschreibung, String]."
"f50001Sort","F50001 Bewertung Aussage: Ich finde es gut, dass in der Stadt mehr Wohnraum geschaffen wird. (Fragebatterie)","Bewertung Aussage: Ich finde es gut, dass in der Stadt mehr Wohnraum geschaffen wird. (Fragebatterie) [Code. Typ: Integer]."
"f50002Lang","F50002 Bewertung Aussage: Ich finde es schade, dass durch die Bautätigkeit immer mehr Freiräume verloren gehen. (Fragebatterie) Lang","Bewertung Aussage: Ich finde es schade, dass durch die Bautätigkeit immer mehr Freiräume verloren gehen. (Fragebatterie)  [Beschreibung, String]."
"f50002Sort","F50002 Bewertung Aussage: Ich finde es schade, dass durch die Bautätigkeit immer mehr Freiräume verloren gehen. (Fragebatterie)","Bewertung Aussage: Ich finde es schade, dass durch die Bautätigkeit immer mehr Freiräume verloren gehen. (Fragebatterie) [Code. Typ: Integer]."
"f50003Lang","F50003 Bewertung Aussage: Durch die Bautätigkeit von den letzten Jahren ist die Stadt schöner und lebenswerter geworden. (Fragebatterie) Lang","Bewertung Aussage: Durch die Bautätigkeit von den letzten Jahren ist die Stadt schöner und lebenswerter geworden. (Fragebatterie)  [Beschreibung, String]."
"f50003Sort","F50003 Bewertung Aussage: Durch die Bautätigkeit von den letzten Jahren ist die Stadt schöner und lebenswerter geworden. (Fragebatterie)","Bewertung Aussage: Durch die Bautätigkeit von den letzten Jahren ist die Stadt schöner und lebenswerter geworden. (Fragebatterie) [Code. Typ: Integer]."
"f50004Lang","F50004 Bewertung Aussage: Ich finde, man sollte die Quartiere möglichst so erhalten wie sie sind. (Fragebatterie) Lang","Bewertung Aussage: Ich finde, man sollte die Quartiere möglichst so erhalten wie sie sind. (Fragebatterie)  [Beschreibung, String]."
"f50004Sort","F50004 Bewertung Aussage: Ich finde, man sollte die Quartiere möglichst so erhalten wie sie sind. (Fragebatterie)","Bewertung Aussage: Ich finde, man sollte die Quartiere möglichst so erhalten wie sie sind. (Fragebatterie) [Code. Typ: Integer]."
"f50005Lang","F50005 Bewertung Aussage: Viele Neubauten und Renovationen sind für meinen Geschmack zu luxuriös. (Fragebatterie) Lang","Bewertung Aussage: Viele Neubauten und Renovationen sind für meinen Geschmack zu luxuriös. (Fragebatterie)  [Beschreibung, String]."
"f50005Sort","F50005 Bewertung Aussage: Viele Neubauten und Renovationen sind für meinen Geschmack zu luxuriös. (Fragebatterie)","Bewertung Aussage: Viele Neubauten und Renovationen sind für meinen Geschmack zu luxuriös. (Fragebatterie) [Code. Typ: Integer]."
"f50030Lang","F50030 Wahrnehmung der Bebauungsdichte der eigenen Wohngegend Lang","Wahrnehmung der Bebauungsdichte der eigenen Wohngegend  [Beschreibung, String]."
"f50030Sort","F50030 Wahrnehmung der Bebauungsdichte der eigenen Wohngegend","Wahrnehmung der Bebauungsdichte der eigenen Wohngegend [Code. Typ: Integer]."
"f50040Lang","F50040 Beurteilung der Bebauungsdichte der eigenen Wohngegend Lang","Beurteilung der Bebauungsdichte der eigenen Wohngegend  [Beschreibung, String]."
"f50040Sort","F50040 Beurteilung der Bebauungsdichte der eigenen Wohngegend","Beurteilung der Bebauungsdichte der eigenen Wohngegend [Code. Typ: Integer]."
"f50051Lang","F50051 Bewertung Aussage zur Entwicklung der Stadt Zürich insgesamt: Zürich entwickelt sich in eine gute Richtung. (Fragebatterie) Lang","Bewertung Aussage zur Entwicklung der Stadt Zürich insgesamt: Zürich entwickelt sich in eine gute Richtung. (Fragebatterie)  [Beschreibung, String]."
"f50051Sort","F50051 Bewertung Aussage zur Entwicklung der Stadt Zürich insgesamt: Zürich entwickelt sich in eine gute Richtung. (Fragebatterie)","Bewertung Aussage zur Entwicklung der Stadt Zürich insgesamt: Zürich entwickelt sich in eine gute Richtung. (Fragebatterie) [Code. Typ: Integer]."
"f50052Lang","F50052 Bewertung Aussage zur Entwicklung der Stadt Zürich insgesamt: Zürich hat mir früher besser gefallen. (Fragebatterie) Lang","Bewertung Aussage zur Entwicklung der Stadt Zürich insgesamt: Zürich hat mir früher besser gefallen. (Fragebatterie)  [Beschreibung, String]."
"f50052Sort","F50052 Bewertung Aussage zur Entwicklung der Stadt Zürich insgesamt: Zürich hat mir früher besser gefallen. (Fragebatterie)","Bewertung Aussage zur Entwicklung der Stadt Zürich insgesamt: Zürich hat mir früher besser gefallen. (Fragebatterie) [Code. Typ: Integer]."
"f50053Lang","F50053 Bewertung Aussage zur Entwicklung der Stadt Zürich insgesamt: Zürich könnte sich noch dynamischer entwickeln. (Fragebatterie) Lang","Bewertung Aussage zur Entwicklung der Stadt Zürich insgesamt: Zürich könnte sich noch dynamischer entwickeln. (Fragebatterie)  [Beschreibung, String]."
"f50053Sort","F50053 Bewertung Aussage zur Entwicklung der Stadt Zürich insgesamt: Zürich könnte sich noch dynamischer entwickeln. (Fragebatterie)","Bewertung Aussage zur Entwicklung der Stadt Zürich insgesamt: Zürich könnte sich noch dynamischer entwickeln. (Fragebatterie) [Code. Typ: Integer]."
"f60010Lang","F60010 Zufriedenheit mit der Situation als FussgängerIn, wenn in der Stadt Zürich zu Fuss unterwegs. Lang","Zufriedenheit mit der Situation als FussgängerIn, wenn in der Stadt Zürich zu Fuss unterwegs.  [Beschreibung, String]."
"f60010Sort","F60010 Zufriedenheit mit der Situation als FussgängerIn, wenn in der Stadt Zürich zu Fuss unterwegs.","Zufriedenheit mit der Situation als FussgängerIn, wenn in der Stadt Zürich zu Fuss unterwegs. [Code. Typ: Integer]."
"f60023Lang","F60023 Bewertung Aussage: Die Autos missachten den Vortritt am Fussgängerstreifen. (Fragebatterie) Lang","Bewertung Aussage: Die Autos missachten den Vortritt am Fussgängerstreifen. (Fragebatterie)  [Beschreibung, String]."
"f60023Sort","F60023 Bewertung Aussage: Die Autos missachten den Vortritt am Fussgängerstreifen. (Fragebatterie)","Bewertung Aussage: Die Autos missachten den Vortritt am Fussgängerstreifen. (Fragebatterie) [Code. Typ: Integer]."
"f60025Lang","F60025 Bewertung Aussage: Es gibt genügend Orte und Plätze mit Sitzgelegenheit. (Fragebatterie) Lang","Bewertung Aussage: Es gibt genügend Orte und Plätze mit Sitzgelegenheit. (Fragebatterie)  [Beschreibung, String]."
"f60025Sort","F60025 Bewertung Aussage: Es gibt genügend Orte und Plätze mit Sitzgelegenheit. (Fragebatterie)","Bewertung Aussage: Es gibt genügend Orte und Plätze mit Sitzgelegenheit. (Fragebatterie) [Code. Typ: Integer]."
"f60026Lang","F60026 Bewertung Aussage: Insgesamt fühle ich mich wohl und komfortabel zu Fuss unterwegs. (Fragebatterie) Lang","Bewertung Aussage: Insgesamt fühle ich mich wohl und komfortabel zu Fuss unterwegs. (Fragebatterie)  [Beschreibung, String]."
"f60026Sort","F60026 Bewertung Aussage: Insgesamt fühle ich mich wohl und komfortabel zu Fuss unterwegs. (Fragebatterie)","Bewertung Aussage: Insgesamt fühle ich mich wohl und komfortabel zu Fuss unterwegs. (Fragebatterie) [Code. Typ: Integer]."
"f60027Lang","F60027 Bewertung Aussage: Die Strassen lassen sich gut und sicher überqueren. (Fragebatterie) Lang","Bewertung Aussage: Die Strassen lassen sich gut und sicher überqueren. (Fragebatterie)  [Beschreibung, String]."
"f60027Sort","F60027 Bewertung Aussage: Die Strassen lassen sich gut und sicher überqueren. (Fragebatterie)","Bewertung Aussage: Die Strassen lassen sich gut und sicher überqueren. (Fragebatterie) [Code. Typ: Integer]."
"f60028Lang","F60028 Bewertung Aussage: Velofahrer sind für mich als Fussgänger/-in oft eine Gefahr. (Fragebatterie) Lang","Bewertung Aussage: Velofahrer sind für mich als Fussgänger/-in oft eine Gefahr. (Fragebatterie)  [Beschreibung, String]."
"f60028Sort","F60028 Bewertung Aussage: Velofahrer sind für mich als Fussgänger/-in oft eine Gefahr. (Fragebatterie)","Bewertung Aussage: Velofahrer sind für mich als Fussgänger/-in oft eine Gefahr. (Fragebatterie) [Code. Typ: Integer]."
"f60100Lang","F60100 Häufigkeit in der Stadt Zürich mit dem Velo unterwegs Lang","Häufigkeit in der Stadt Zürich mit dem Velo unterwegs  [Beschreibung, String]."
"f60100Sort","F60100 Häufigkeit in der Stadt Zürich mit dem Velo unterwegs","Häufigkeit in der Stadt Zürich mit dem Velo unterwegs [Code. Typ: Integer]."
"f60110Lang","F60110 Zufriedenheit mit der Situation als VelofahrerIn, wenn in der Stadt Zürich mit dem Velo unterwegs Lang","Zufriedenheit mit der Situation als VelofahrerIn, wenn in der Stadt Zürich mit dem Velo unterwegs  [Beschreibung, String]. "
"f60110Sort","F60110 Zufriedenheit mit der Situation als VelofahrerIn, wenn in der Stadt Zürich mit dem Velo unterwegs","Zufriedenheit mit der Situation als VelofahrerIn, wenn in der Stadt Zürich mit dem Velo unterwegs [Code. Typ: Integer]. "
"f60121Lang","F60121 Bewertung Aussage: Ich fühle mich als VelofahrerIn oft unsicher im Strassenverkehr. (Fragebatterie) Lang","Bewertung Aussage: Ich fühle mich als VelofahrerIn oft unsicher im Strassenverkehr. (Fragebatterie)  [Beschreibung, String]."
"f60121Sort","F60121 Bewertung Aussage: Ich fühle mich als VelofahrerIn oft unsicher im Strassenverkehr. (Fragebatterie)","Bewertung Aussage: Ich fühle mich als VelofahrerIn oft unsicher im Strassenverkehr. (Fragebatterie) [Code. Typ: Integer]."
"f60123Lang","F60123 Bewertung Aussage: Velowege und Velostreifen sind insgesamt gut erkenntlich. Ich kann mich gut orientieren. (Fragebatterie) Lang","Bewertung Aussage: Velowege und Velostreifen sind insgesamt gut erkenntlich. Ich kann mich gut orientieren. (Fragebatterie)  [Beschreibung, String]."
"f60123Sort","F60123 Bewertung Aussage: Velowege und Velostreifen sind insgesamt gut erkenntlich. Ich kann mich gut orientieren. (Fragebatterie)","Bewertung Aussage: Velowege und Velostreifen sind insgesamt gut erkenntlich. Ich kann mich gut orientieren. (Fragebatterie) [Code. Typ: Integer]. "
"f60124Lang","F60124 Bewertung Aussage: Es gibt zu wenig Velowege/Velostreifen. (Fragebatterie) Lang","Bewertung Aussage: Es gibt zu wenig Velowege/Velostreifen. (Fragebatterie)  [Beschreibung, String]. "
"f60124Sort","F60124 Bewertung Aussage: Es gibt zu wenig Velowege/Velostreifen. (Fragebatterie)","Bewertung Aussage: Es gibt zu wenig Velowege/Velostreifen. (Fragebatterie) [Code. Typ: Integer]. "
"f60125Lang","F60125 Bewertung Aussage: Das Risiko von Velodiebstahl und Sachbeschädigungen ist hoch. (Fragebatterie) Lang","Bewertung Aussage: Das Risiko von Velodiebstahl und Sachbeschädigungen ist hoch. (Fragebatterie)  [Beschreibung, String]. "
"f60125Sort","F60125 Bewertung Aussage: Das Risiko von Velodiebstahl und Sachbeschädigungen ist hoch. (Fragebatterie)","Bewertung Aussage: Das Risiko von Velodiebstahl und Sachbeschädigungen ist hoch. (Fragebatterie) [Code. Typ: Integer]."
"f60126Lang","F60126 Bewertung Aussage: Bei meinem Arbeitsplatz hat es genügend Abstellmöglichkeiten für Velos. (Fragebatterie) Lang","Bewertung Aussage: Bei meinem Arbeitsplatz hat es genügend Abstellmöglichkeiten für Velos. (Fragebatterie)  [Beschreibung, String]. "
"f60126Sort","F60126 Bewertung Aussage: Bei meinem Arbeitsplatz hat es genügend Abstellmöglichkeiten für Velos. (Fragebatterie)","Bewertung Aussage: Bei meinem Arbeitsplatz hat es genügend Abstellmöglichkeiten für Velos. (Fragebatterie) [Code. Typ: Integer]. "
"f60200Lang","F60200 Häufigkeit in der Stadt Zürich mit öffentlichen Vekehrsmitteln unterwegs Lang","Häufigkeit in der Stadt Zürich mit öffentlichen Vekehrsmitteln unterwegs  [Beschreibung, String]."
"f60200Sort","F60200 Häufigkeit in der Stadt Zürich mit öffentlichen Vekehrsmitteln unterwegs","Häufigkeit in der Stadt Zürich mit öffentlichen Vekehrsmitteln unterwegs [Code. Typ: Integer]."
"f60210Lang","F60210 Zufriedenheit mit der Situation, wenn in der Stadt Zürich mit den öffentlichen Verkehrsmitteln unterwegs Lang","Zufriedenheit mit der Situation, wenn in der Stadt Zürich mit den öffentlichen Verkehrsmitteln unterwegs  [Beschreibung, String]."
"f60210Sort","F60210 Zufriedenheit mit der Situation, wenn in der Stadt Zürich mit den öffentlichen Verkehrsmitteln unterwegs","Zufriedenheit mit der Situation, wenn in der Stadt Zürich mit den öffentlichen Verkehrsmitteln unterwegs [Code. Typ: Integer].  "
"f60221Lang","F60221 Bewertung Aussage: Ich empfinde die öffentlichen Verkehrsmittel oft als zu überfüllt. (Fragebatterie) Lang","Bewertung Aussage: Ich empfinde die öffentlichen Verkehrsmittel oft als zu überfüllt. (Fragebatterie)  [Beschreibung, String]."
"f60221Sort","F60221 Bewertung Aussage: Ich empfinde die öffentlichen Verkehrsmittel oft als zu überfüllt. (Fragebatterie)","Bewertung Aussage: Ich empfinde die öffentlichen Verkehrsmittel oft als zu überfüllt. (Fragebatterie) [Code. Typ: Integer]. "
"f60223Lang","F60223 Bewertung Aussage: Ich habe meistens gute Direktverbindungen und muss wenig Umsteigen. (Fragebatterie) Lang","Bewertung Aussage: Ich habe meistens gute Direktverbindungen und muss wenig Umsteigen. (Fragebatterie)  [Beschreibung, String]. "
"f60223Sort","F60223 Bewertung Aussage: Ich habe meistens gute Direktverbindungen und muss wenig Umsteigen. (Fragebatterie)","Bewertung Aussage: Ich habe meistens gute Direktverbindungen und muss wenig Umsteigen. (Fragebatterie) [Code. Typ: Integer]. "
"f60224Lang","F60224 Bewertung Aussage: Der Weg von meiner Wohnung zur Haltestelle ist nicht angenehm oder umständlich. (Fragebatterie) Lang","Bewertung Aussage: Der Weg von meiner Wohnung zur Haltestelle ist nicht angenehm oder umständlich. (Fragebatterie)  [Beschreibung, String]. "
"f60224Sort","F60224 Bewertung Aussage: Der Weg von meiner Wohnung zur Haltestelle ist nicht angenehm oder umständlich. (Fragebatterie)","Bewertung Aussage: Der Weg von meiner Wohnung zur Haltestelle ist nicht angenehm oder umständlich. (Fragebatterie) [Code. Typ: Integer]."
"f60225Lang","F60225 Bewertung Aussage: Der Fahrplan stimmt für mich: Tram und Bus fahren genügend häufig. (Fragebatterie) Lang","Bewertung Aussage: Der Fahrplan stimmt für mich: Tram und Bus fahren genügend häufig. (Fragebatterie)  [Beschreibung, String]. "
"f60225Sort","F60225 Bewertung Aussage: Der Fahrplan stimmt für mich: Tram und Bus fahren genügend häufig. (Fragebatterie)","Bewertung Aussage: Der Fahrplan stimmt für mich: Tram und Bus fahren genügend häufig. (Fragebatterie) [Code. Typ: Integer]."
"f60227Lang","F60227 Bewertung Aussage: Ich habe die Möglichkeit, meine Fahrzeiten auf ausserhalb vonden Stosszeiten zu legen. (Fragebatterie) Lang","Bewertung Aussage: Ich habe die Möglichkeit, meine Fahrzeiten auf ausserhalb vonden Stosszeiten zu legen. (Fragebatterie)  [Beschreibung, String]. "
"f60227Sort","F60227 Bewertung Aussage: Ich habe die Möglichkeit, meine Fahrzeiten auf ausserhalb vonden Stosszeiten zu legen. (Fragebatterie)","Bewertung Aussage: Ich habe die Möglichkeit, meine Fahrzeiten auf ausserhalb vonden Stosszeiten zu legen. (Fragebatterie) [Code. Typ: Integer]. "
"f60300Lang","F60300 Häufigkeit in der Stadt Zürich mit dem Auto unterwegs Lang","Häufigkeit in der Stadt Zürich mit dem Auto unterwegs  [Beschreibung, String]."
"f60300Sort","F60300 Häufigkeit in der Stadt Zürich mit dem Auto unterwegs","Häufigkeit in der Stadt Zürich mit dem Auto unterwegs [Code. Typ: Integer]."
"f60310Lang","F60310 Zufriedenheit mit der Situation, wenn in der Stadt Zürich mit dem Auto unterwegs Lang","Zufriedenheit mit der Situation, wenn in der Stadt Zürich mit dem Auto unterwegs  [Beschreibung, String]. "
"f60310Sort","F60310 Zufriedenheit mit der Situation, wenn in der Stadt Zürich mit dem Auto unterwegs","Zufriedenheit mit der Situation, wenn in der Stadt Zürich mit dem Auto unterwegs [Code. Typ: Integer]. "
"f60322Lang","F60322 Bewertung Aussage: Die Tempo30-Zonen in Wohngegenden sind zu begrüssen und sind nötig. (Fragebatterie) Lang","Bewertung Aussage: Die Tempo30-Zonen in Wohngegenden sind zu begrüssen und sind nötig. (Fragebatterie)  [Beschreibung, String]."
"f60322Sort","F60322 Bewertung Aussage: Die Tempo30-Zonen in Wohngegenden sind zu begrüssen und sind nötig. (Fragebatterie)","Bewertung Aussage: Die Tempo30-Zonen in Wohngegenden sind zu begrüssen und sind nötig. (Fragebatterie) [Code. Typ: Integer]. "
"f60324Lang","F60324 Bewertung Aussage: Es hat zu viele Fahrverbote und Einbahnstrassen. (Fragebatterie) Lang","Bewertung Aussage: Es hat zu viele Fahrverbote und Einbahnstrassen. (Fragebatterie)  [Beschreibung, String]. "
"f60324Sort","F60324 Bewertung Aussage: Es hat zu viele Fahrverbote und Einbahnstrassen. (Fragebatterie)","Bewertung Aussage: Es hat zu viele Fahrverbote und Einbahnstrassen. (Fragebatterie) [Code. Typ: Integer]. "
"f60325Lang","F60325 Bewertung Aussage: Es hat zu viele Polizeikontrollen. (Fragebatterie) Lang","Bewertung Aussage: Es hat zu viele Polizeikontrollen. (Fragebatterie)  [Beschreibung, String]. "
"f60325Sort","F60325 Bewertung Aussage: Es hat zu viele Polizeikontrollen. (Fragebatterie)","Bewertung Aussage: Es hat zu viele Polizeikontrollen. (Fragebatterie) [Code. Typ: Integer]. "
"f60327Lang","F60327 Bewertung Aussage: Wegen Verkehrsbehinderungen komme ich oft zu langsam vorwärts. (Fragebatterie) Lang","Bewertung Aussage: Wegen Verkehrsbehinderungen komme ich oft zu  [Beschreibung, String].sam vorwärts. (Fragebatterie)  [Beschreibung, String]."
"f60327Sort","F60327 Bewertung Aussage: Wegen Verkehrsbehinderungen komme ich oft zu langsam vorwärts. (Fragebatterie)","Bewertung Aussage: Wegen Verkehrsbehinderungen komme ich oft zu  [Beschreibung, String].sam vorwärts. (Fragebatterie) [Code. Typ: Integer]. "
"f60328Lang","F60328 Bewertung Aussage: Meine Fahrzeit ist gut planbar. (Fragebatterie) Lang","Bewertung Aussage: Meine Fahrzeit ist gut planbar. (Fragebatterie)  [Beschreibung, String]. "
"f60328Sort","F60328 Bewertung Aussage: Meine Fahrzeit ist gut planbar. (Fragebatterie)","Bewertung Aussage: Meine Fahrzeit ist gut planbar. (Fragebatterie) [Code. Typ: Integer]. "
"f60500Lang","F60500 Bekanntheit Programm Stadtverkehr 2025 Lang","Bekanntheit Programm Stadtverkehr 2025  [Beschreibung, String]."
"f60500Sort","F60500 Bekanntheit Programm Stadtverkehr 2025","Bekanntheit Programm Stadtverkehr 2025 [Code. Typ: Integer]."
"f72000Lang","F72000 Einstellung zur Umfrage Lang","Einstellung zur Umfrage  [Beschreibung, String]."
"f72000Sort","F72000 Einstellung zur Umfrage","Einstellung zur Umfrage [Code. Typ: Integer]."
"gewichtSort","Gewichtung","Gewichtung (Integer) [Code. Typ: Integer]."
